<?xml version="1.0" encoding="UTF-8"?>
<project-private xmlns="http://www.netbeans.org/ns/project-private/1">
    <editor-bookmarks xmlns="http://www.netbeans.org/ns/editor-bookmarks/2" lastBookmarkId="0"/>
    <open-files xmlns="http://www.netbeans.org/ns/projectui-open-files/2">
        <group>
            <file>file:/Users/YC/Documents/RTEnergy-SIM/RealTime_Simulation/src/rtsUI/UserInterface.java</file>
            <file>file:/Users/YC/Documents/RTEnergy-SIM/RealTime_Simulation/src/realtimeSimulation/schedulingAlgorithm/implementation/RMS.java</file>
            <file>file:/Users/YC/Documents/RTEnergy-SIM/RealTime_Simulation/src/rtsUI/Attributes.java</file>
            <file>file:/Users/YC/Documents/RTEnergy-SIM/RealTime_Simulation/src/rtsUI/resultViewer/TaskTimeLine.java</file>
            <file>file:/Users/YC/Documents/RTEnergy-SIM/RealTime_Simulation/src/rtsUI/resultViewer/ResultViewer.java</file>
            <file>file:/Users/YC/Documents/RTEnergy-SIM/RealTime_Simulation/src/rtsUI/InfoWin.java</file>
            <file>file:/Users/YC/Documents/RTEnergy-SIM/RealTime_Simulation/src/realtimeSimulation/Core.java</file>
            <file>file:/Users/YC/Documents/RTEnergy-SIM/RealTime_Simulation/src/rtsUI/resultViewer/Resources.java</file>
            <file>file:/Users/YC/Documents/RTEnergy-SIM/RealTime_Simulation/src/rtsUI/resultViewer/TaskExecution.java</file>
        </group>
    </open-files>
</project-private>
