<?xml version="1.0" encoding="UTF-8"?>
<Environment ProcessorModel="Custom-4CPUs-01" CPUsNumber="1">
    <!--處理器型號、CPU數量-->
    <CPU ID="1">
        <SupportSpeed> <!--支援的速度-->
            <Speed>
                <Frequency>150</Frequency> <!--頻率(單位：MHz)-->
                <Power>30</Power> <!--使用該電壓所需功耗(單位：mA)-->
            </Speed>
            <Speed>
                <Frequency>300</Frequency>
                <Power>90</Power>
            </Speed>
            <Speed>
                <Frequency>600</Frequency>
                <Power>270</Power>
            </Speed>
             <Speed>
                <Frequency>900</Frequency>
                <Power>810</Power>
            </Speed>
            <Speed>
                <Frequency>1200</Frequency>
                <Power>2430</Power>
            </Speed>
        </SupportSpeed>
    </CPU>
</Environment>