<?xml version="1.0" encoding="UTF-8"?>
<Workload TaskNumber="3" ResourceNumber="2" Frequency="300">
    <!--工作數量、資源數量、以下數據所採用之基礎電壓(單位：MHz)-->
    <Task ID="1">
        <Period>8</Period> <!--工作週期-->
        <RelativeDeadline>8</RelativeDeadline> <!--工作截止時間-->
        <ComputationAmount>2</ComputationAmount> <!--工作運算時間(基於Speed屬性)-->
        <CriticalSection> <!--工作使用資源之時段-->
            <Resource>2</Resource> <!--所使用之資源-->
            <StartTime>0.5</StartTime> <!--使用該資源之開始時間-->
            <EndTime>1</EndTime> <!--使用該資源之結束時間-->
        </CriticalSection>
        
    </Task>
    <Task ID="2">
        <Period>12</Period>
        <RelativeDeadline>12</RelativeDeadline>
        <ComputationAmount>4</ComputationAmount>
        <CriticalSection>
            <Resource>1</Resource>
            <StartTime>1</StartTime>
            <EndTime>3</EndTime>
        </CriticalSection>
        
    </Task>
    <Task ID="3">
        <Period>24</Period>
        <RelativeDeadline>24</RelativeDeadline>
        <ComputationAmount>8</ComputationAmount>
        <CriticalSection>
            <Resource>1</Resource>
            <StartTime>0.5</StartTime>
            <EndTime>7.5</EndTime>
        </CriticalSection>
        <CriticalSection>
            <Resource>2</Resource>
            <StartTime>1.5</StartTime>
            <EndTime>2.5</EndTime>
        </CriticalSection>
       
    </Task>
</Workload>