<?xml version="1.0" encoding="UTF-8"?>
<Workload TaskNumber="3" ResourceNumber="20" Frequency="300"> <!--工作數量、資源數量、以下數據所採用之基礎電壓(單位：MHz)-->
    <Task ID="1">
        <Period>10</Period> <!--工作週期-->
        <RelativeDeadline>10</RelativeDeadline> <!--工作截止時間-->
        <ComputationAmount>3</ComputationAmount> <!--工作運算時間(基於Speed屬性)-->
        <CriticalSection> <!--工作使用資源之時段-->
            <Resource>3</Resource> <!--所使用之資源-->
            <StartTime>1</StartTime> <!--使用該資源之開始時間-->
            <EndTime>2</EndTime> <!--使用該資源之結束時間-->
        </CriticalSection>
        <CriticalSection>
            <Resource>10</Resource>
            <StartTime>1.5</StartTime>
            <EndTime>3</EndTime>
        </CriticalSection>
    </Task>
    <Task ID="2">
        <Period>15</Period>
        <RelativeDeadline>15</RelativeDeadline>
        <ComputationAmount>2</ComputationAmount>
    </Task>
    <Task ID="3">
        <Period>20</Period>
        <RelativeDeadline>20</RelativeDeadline>
        <ComputationAmount>6</ComputationAmount>
        <CriticalSection>
            <Resource>1</Resource>
            <StartTime>1</StartTime>
            <EndTime>4</EndTime>
        </CriticalSection>
        <CriticalSection>
            <Resource>2</Resource>
            <StartTime>1.5</StartTime>
            <EndTime>3.5</EndTime>
        </CriticalSection>
    </Task>
</Workload>